chain,resSeq,raw_value,confidence
A,44,88.44,0.8844
A,45,88.72,0.8872
A,46,90.08,0.9008
A,47,92.47,0.9247
A,48,93.17,0.9317
A,49,91.81,0.9181
A,50,93.37,0.9337
A,51,93.98,0.9398
A,52,93.64,0.9364
A,53,93.61,0.9361
A,54,93.89,0.9389
A,55,95.47,0.9547
A,56,93.63,0.9363
A,57,94.42,0.9442
A,58,94.76,0.9476
A,59,94.44,0.9444
A,60,95.23,0.9523
A,61,95.65,0.9565
A,62,96.3,0.9630
A,63,96.62,0.9662
A,64,94.68,0.9468
A,65,94.17,0.9417
A,66,96.62,0.9662
A,67,96.64,0.9664
A,68,97.59,0.9759
A,69,97.64,0.9764
A,70,97.85,0.9785
A,71,97.5,0.9750
A,72,97.02,0.9702
A,73,96.48,0.9648
A,74,96.42,0.9642
A,75,95.73,0.9573
A,76,94.71,0.9471
A,77,92.8,0.9280
A,78,90.77,0.9077
A,79,94.77,0.9477
A,80,94.43,0.9443
A,81,92.61,0.9261
A,82,92.28,0.9228
A,83,94.94,0.9494
A,84,95.71,0.9571
A,85,97.13,0.9713
A,86,97.35,0.9735
A,87,97.19,0.9719
A,88,97.42,0.9742
A,89,96.67,0.9667
A,90,94.13,0.9413
A,91,93.41,0.9341
A,92,94.41,0.9441
A,93,95.22,0.9522
A,94,95.25,0.9525
A,95,96.09,0.9609
A,96,94.2,0.9420
A,97,93.25,0.9325
A,98,91.04,0.9104
A,99,84.33,0.8433
A,100,81.59,0.8159
A,101,87.53,0.8753
A,102,88.19,0.8819
A,103,92.74,0.9274
A,104,96.64,0.9664
A,105,97.72,0.9772
A,106,97.57,0.9757
A,107,97.34,0.9734
A,108,97.79,0.9779
A,109,97.75,0.9775
A,110,97.84,0.9784
A,111,96.96,0.9696
A,112,95.67,0.9567
A,113,95.21,0.9521
A,114,96.74,0.9674
A,115,96.58,0.9658
A,116,94.61,0.9461
A,117,95.31,0.9531
A,118,95.34,0.9534
A,119,92.69,0.9269
A,120,90.91,0.9091
A,121,91.92,0.9192
A,122,94.44,0.9444
A,123,94.88,0.9488
A,124,94.71,0.9471
A,125,94.93,0.9493
A,126,93.51,0.9351
A,127,95.72,0.9572
A,128,97.1,0.9710
A,129,96.06,0.9606
A,130,95.42,0.9542
A,131,97.34,0.9734
A,132,97.17,0.9717
A,133,97.62,0.9762
A,134,97.91,0.9791
A,135,97.6,0.9760
A,136,97.47,0.9747
A,137,96.42,0.9642
A,138,96.84,0.9684
A,139,97.03,0.9703
A,140,95.03,0.9503
A,141,93.49,0.9349
A,142,96.28,0.9628
A,143,94.09,0.9409
A,144,93.22,0.9322
A,145,94.96,0.9496
A,146,95.3,0.9530
A,147,93.51,0.9351
A,148,92.77,0.9277
A,149,93.09,0.9309
A,150,93.13,0.9313
A,151,91.4,0.9140
A,152,90.56,0.9056
A,153,91.71,0.9171
A,154,89.97,0.8997
A,155,84.88,0.8488
A,156,67.57,0.6757
